class,path
org.apache.hadoop.mapreduce.Cluster,Cluster.java
org.apache.hadoop.mapreduce.ClusterMetrics,ClusterMetrics.java
org.apache.hadoop.mapreduce.ContextFactory,ContextFactory.java
org.apache.hadoop.mapreduce.Counter,Counter.java
org.apache.hadoop.mapreduce.CounterGroup,CounterGroup.java
org.apache.hadoop.mapreduce.Counters,Counters.java
org.apache.hadoop.mapreduce.CryptoUtils,CryptoUtils.java
org.apache.hadoop.mapreduce.CustomJobEndNotifier,CustomJobEndNotifier.java
org.apache.hadoop.mapreduce.FileSystemCounter,FileSystemCounter.java
org.apache.hadoop.mapreduce.ID,ID.java
org.apache.hadoop.mapreduce.InputFormat,InputFormat.java
org.apache.hadoop.mapreduce.InputSplit,InputSplit.java
org.apache.hadoop.mapreduce.Job,Job.java
org.apache.hadoop.mapreduce.JobACL,JobACL.java
org.apache.hadoop.mapreduce.JobContext,JobContext.java
org.apache.hadoop.mapreduce.JobCounter,JobCounter.java
org.apache.hadoop.mapreduce.JobID,JobID.java
org.apache.hadoop.mapreduce.JobPriority,JobPriority.java
org.apache.hadoop.mapreduce.JobResourceUploader,JobResourceUploader.java
org.apache.hadoop.mapreduce.JobStatus,JobStatus.java
org.apache.hadoop.mapreduce.JobSubmissionFiles,JobSubmissionFiles.java
org.apache.hadoop.mapreduce.JobSubmitter,JobSubmitter.java
org.apache.hadoop.mapreduce.MRConfig,MRConfig.java
org.apache.hadoop.mapreduce.MRJobConfig,MRJobConfig.java
org.apache.hadoop.mapreduce.MapContext,MapContext.java
org.apache.hadoop.mapreduce.Mapper,Mapper.java
org.apache.hadoop.mapreduce.MarkableIterator,MarkableIterator.java
org.apache.hadoop.mapreduce.MarkableIteratorInterface,MarkableIteratorInterface.java
org.apache.hadoop.mapreduce.OutputCommitter,OutputCommitter.java
org.apache.hadoop.mapreduce.OutputFormat,OutputFormat.java
org.apache.hadoop.mapreduce.Partitioner,Partitioner.java
org.apache.hadoop.mapreduce.QueueAclsInfo,QueueAclsInfo.java
org.apache.hadoop.mapreduce.QueueInfo,QueueInfo.java
org.apache.hadoop.mapreduce.QueueState,QueueState.java
org.apache.hadoop.mapreduce.RecordReader,RecordReader.java
org.apache.hadoop.mapreduce.RecordWriter,RecordWriter.java
org.apache.hadoop.mapreduce.ReduceContext,ReduceContext.java
org.apache.hadoop.mapreduce.Reducer,Reducer.java
org.apache.hadoop.mapreduce.SharedCacheConfig,SharedCacheConfig.java
org.apache.hadoop.mapreduce.StatusReporter,StatusReporter.java
org.apache.hadoop.mapreduce.TaskAttemptContext,TaskAttemptContext.java
org.apache.hadoop.mapreduce.TaskAttemptID,TaskAttemptID.java
org.apache.hadoop.mapreduce.TaskCompletionEvent,TaskCompletionEvent.java
org.apache.hadoop.mapreduce.TaskCounter,TaskCounter.java
org.apache.hadoop.mapreduce.TaskID,TaskID.java
org.apache.hadoop.mapreduce.TaskInputOutputContext,TaskInputOutputContext.java
org.apache.hadoop.mapreduce.TaskReport,TaskReport.java
org.apache.hadoop.mapreduce.TaskTrackerInfo,TaskTrackerInfo.java
org.apache.hadoop.mapreduce.TaskType,TaskType.java
org.apache.hadoop.mapreduce.checkpoint.CheckpointID,checkpoint/CheckpointID.java
org.apache.hadoop.mapreduce.checkpoint.CheckpointNamingService,checkpoint/CheckpointNamingService.java
org.apache.hadoop.mapreduce.checkpoint.CheckpointService,checkpoint/CheckpointService.java
org.apache.hadoop.mapreduce.checkpoint.EnumCounter,checkpoint/EnumCounter.java
org.apache.hadoop.mapreduce.checkpoint.FSCheckpointID,checkpoint/FSCheckpointID.java
org.apache.hadoop.mapreduce.checkpoint.FSCheckpointService,checkpoint/FSCheckpointService.java
org.apache.hadoop.mapreduce.checkpoint.RandomNameCNS,checkpoint/RandomNameCNS.java
org.apache.hadoop.mapreduce.checkpoint.SimpleNamingService,checkpoint/SimpleNamingService.java
org.apache.hadoop.mapreduce.checkpoint.TaskCheckpointID,checkpoint/TaskCheckpointID.java
org.apache.hadoop.mapreduce.counters.AbstractCounter,counters/AbstractCounter.java
org.apache.hadoop.mapreduce.counters.AbstractCounterGroup,counters/AbstractCounterGroup.java
org.apache.hadoop.mapreduce.counters.AbstractCounters,counters/AbstractCounters.java
org.apache.hadoop.mapreduce.counters.CounterGroupBase,counters/CounterGroupBase.java
org.apache.hadoop.mapreduce.counters.CounterGroupFactory,counters/CounterGroupFactory.java
org.apache.hadoop.mapreduce.counters.FileSystemCounterGroup,counters/FileSystemCounterGroup.java
org.apache.hadoop.mapreduce.counters.FrameworkCounterGroup,counters/FrameworkCounterGroup.java
org.apache.hadoop.mapreduce.counters.GenericCounter,counters/GenericCounter.java
org.apache.hadoop.mapreduce.counters.LimitExceededException,counters/LimitExceededException.java
org.apache.hadoop.mapreduce.counters.Limits,counters/Limits.java
org.apache.hadoop.mapreduce.counters.package-info,counters/package-info.java
org.apache.hadoop.mapreduce.filecache.ClientDistributedCacheManager,filecache/ClientDistributedCacheManager.java
org.apache.hadoop.mapreduce.filecache.DistributedCache,filecache/DistributedCache.java
org.apache.hadoop.mapreduce.filecache.package-info,filecache/package-info.java
org.apache.hadoop.mapreduce.jobhistory.AMStartedEvent,jobhistory/AMStartedEvent.java
org.apache.hadoop.mapreduce.jobhistory.AvroArrayUtils,jobhistory/AvroArrayUtils.java
org.apache.hadoop.mapreduce.jobhistory.EventReader,jobhistory/EventReader.java
org.apache.hadoop.mapreduce.jobhistory.EventWriter,jobhistory/EventWriter.java
org.apache.hadoop.mapreduce.jobhistory.HistoryEvent,jobhistory/HistoryEvent.java
org.apache.hadoop.mapreduce.jobhistory.HistoryEventHandler,jobhistory/HistoryEventHandler.java
org.apache.hadoop.mapreduce.jobhistory.HistoryViewer,jobhistory/HistoryViewer.java
org.apache.hadoop.mapreduce.jobhistory.HistoryViewerPrinter,jobhistory/HistoryViewerPrinter.java
org.apache.hadoop.mapreduce.jobhistory.HumanReadableHistoryViewerPrinter,jobhistory/HumanReadableHistoryViewerPrinter.java
org.apache.hadoop.mapreduce.jobhistory.JSONHistoryViewerPrinter,jobhistory/JSONHistoryViewerPrinter.java
org.apache.hadoop.mapreduce.jobhistory.JobFinishedEvent,jobhistory/JobFinishedEvent.java
org.apache.hadoop.mapreduce.jobhistory.JobHistoryParser,jobhistory/JobHistoryParser.java
org.apache.hadoop.mapreduce.jobhistory.JobInfoChangeEvent,jobhistory/JobInfoChangeEvent.java
org.apache.hadoop.mapreduce.jobhistory.JobInitedEvent,jobhistory/JobInitedEvent.java
org.apache.hadoop.mapreduce.jobhistory.JobPriorityChangeEvent,jobhistory/JobPriorityChangeEvent.java
org.apache.hadoop.mapreduce.jobhistory.JobQueueChangeEvent,jobhistory/JobQueueChangeEvent.java
org.apache.hadoop.mapreduce.jobhistory.JobStatusChangedEvent,jobhistory/JobStatusChangedEvent.java
org.apache.hadoop.mapreduce.jobhistory.JobSubmittedEvent,jobhistory/JobSubmittedEvent.java
org.apache.hadoop.mapreduce.jobhistory.JobUnsuccessfulCompletionEvent,jobhistory/JobUnsuccessfulCompletionEvent.java
org.apache.hadoop.mapreduce.jobhistory.MapAttemptFinishedEvent,jobhistory/MapAttemptFinishedEvent.java
org.apache.hadoop.mapreduce.jobhistory.NormalizedResourceEvent,jobhistory/NormalizedResourceEvent.java
org.apache.hadoop.mapreduce.jobhistory.ReduceAttemptFinishedEvent,jobhistory/ReduceAttemptFinishedEvent.java
org.apache.hadoop.mapreduce.jobhistory.TaskAttemptFinishedEvent,jobhistory/TaskAttemptFinishedEvent.java
org.apache.hadoop.mapreduce.jobhistory.TaskAttemptStartedEvent,jobhistory/TaskAttemptStartedEvent.java
org.apache.hadoop.mapreduce.jobhistory.TaskAttemptUnsuccessfulCompletionEvent,jobhistory/TaskAttemptUnsuccessfulCompletionEvent.java
org.apache.hadoop.mapreduce.jobhistory.TaskFailedEvent,jobhistory/TaskFailedEvent.java
org.apache.hadoop.mapreduce.jobhistory.TaskFinishedEvent,jobhistory/TaskFinishedEvent.java
org.apache.hadoop.mapreduce.jobhistory.TaskStartedEvent,jobhistory/TaskStartedEvent.java
org.apache.hadoop.mapreduce.jobhistory.TaskUpdatedEvent,jobhistory/TaskUpdatedEvent.java
org.apache.hadoop.mapreduce.jobhistory.package-info,jobhistory/package-info.java
org.apache.hadoop.mapreduce.lib.aggregate.DoubleValueSum,lib/aggregate/DoubleValueSum.java
org.apache.hadoop.mapreduce.lib.aggregate.LongValueMax,lib/aggregate/LongValueMax.java
org.apache.hadoop.mapreduce.lib.aggregate.LongValueMin,lib/aggregate/LongValueMin.java
org.apache.hadoop.mapreduce.lib.aggregate.LongValueSum,lib/aggregate/LongValueSum.java
org.apache.hadoop.mapreduce.lib.aggregate.StringValueMax,lib/aggregate/StringValueMax.java
org.apache.hadoop.mapreduce.lib.aggregate.StringValueMin,lib/aggregate/StringValueMin.java
org.apache.hadoop.mapreduce.lib.aggregate.UniqValueCount,lib/aggregate/UniqValueCount.java
org.apache.hadoop.mapreduce.lib.aggregate.UserDefinedValueAggregatorDescriptor,lib/aggregate/UserDefinedValueAggregatorDescriptor.java
org.apache.hadoop.mapreduce.lib.aggregate.ValueAggregator,lib/aggregate/ValueAggregator.java
org.apache.hadoop.mapreduce.lib.aggregate.ValueAggregatorBaseDescriptor,lib/aggregate/ValueAggregatorBaseDescriptor.java
org.apache.hadoop.mapreduce.lib.aggregate.ValueAggregatorCombiner,lib/aggregate/ValueAggregatorCombiner.java
org.apache.hadoop.mapreduce.lib.aggregate.ValueAggregatorDescriptor,lib/aggregate/ValueAggregatorDescriptor.java
org.apache.hadoop.mapreduce.lib.aggregate.ValueAggregatorJob,lib/aggregate/ValueAggregatorJob.java
org.apache.hadoop.mapreduce.lib.aggregate.ValueAggregatorJobBase,lib/aggregate/ValueAggregatorJobBase.java
org.apache.hadoop.mapreduce.lib.aggregate.ValueAggregatorMapper,lib/aggregate/ValueAggregatorMapper.java
org.apache.hadoop.mapreduce.lib.aggregate.ValueAggregatorReducer,lib/aggregate/ValueAggregatorReducer.java
org.apache.hadoop.mapreduce.lib.aggregate.ValueHistogram,lib/aggregate/ValueHistogram.java
org.apache.hadoop.mapreduce.lib.chain.Chain,lib/chain/Chain.java
org.apache.hadoop.mapreduce.lib.chain.ChainMapContextImpl,lib/chain/ChainMapContextImpl.java
org.apache.hadoop.mapreduce.lib.chain.ChainMapper,lib/chain/ChainMapper.java
org.apache.hadoop.mapreduce.lib.chain.ChainReduceContextImpl,lib/chain/ChainReduceContextImpl.java
org.apache.hadoop.mapreduce.lib.chain.ChainReducer,lib/chain/ChainReducer.java
org.apache.hadoop.mapreduce.lib.db.BigDecimalSplitter,lib/db/BigDecimalSplitter.java
org.apache.hadoop.mapreduce.lib.db.BooleanSplitter,lib/db/BooleanSplitter.java
org.apache.hadoop.mapreduce.lib.db.DBConfiguration,lib/db/DBConfiguration.java
org.apache.hadoop.mapreduce.lib.db.DBInputFormat,lib/db/DBInputFormat.java
org.apache.hadoop.mapreduce.lib.db.DBOutputFormat,lib/db/DBOutputFormat.java
org.apache.hadoop.mapreduce.lib.db.DBRecordReader,lib/db/DBRecordReader.java
org.apache.hadoop.mapreduce.lib.db.DBSplitter,lib/db/DBSplitter.java
org.apache.hadoop.mapreduce.lib.db.DBWritable,lib/db/DBWritable.java
org.apache.hadoop.mapreduce.lib.db.DataDrivenDBInputFormat,lib/db/DataDrivenDBInputFormat.java
org.apache.hadoop.mapreduce.lib.db.DataDrivenDBRecordReader,lib/db/DataDrivenDBRecordReader.java
org.apache.hadoop.mapreduce.lib.db.DateSplitter,lib/db/DateSplitter.java
org.apache.hadoop.mapreduce.lib.db.FloatSplitter,lib/db/FloatSplitter.java
org.apache.hadoop.mapreduce.lib.db.IntegerSplitter,lib/db/IntegerSplitter.java
org.apache.hadoop.mapreduce.lib.db.MySQLDBRecordReader,lib/db/MySQLDBRecordReader.java
org.apache.hadoop.mapreduce.lib.db.MySQLDataDrivenDBRecordReader,lib/db/MySQLDataDrivenDBRecordReader.java
org.apache.hadoop.mapreduce.lib.db.OracleDBRecordReader,lib/db/OracleDBRecordReader.java
org.apache.hadoop.mapreduce.lib.db.OracleDataDrivenDBInputFormat,lib/db/OracleDataDrivenDBInputFormat.java
org.apache.hadoop.mapreduce.lib.db.OracleDataDrivenDBRecordReader,lib/db/OracleDataDrivenDBRecordReader.java
org.apache.hadoop.mapreduce.lib.db.OracleDateSplitter,lib/db/OracleDateSplitter.java
org.apache.hadoop.mapreduce.lib.db.TextSplitter,lib/db/TextSplitter.java
org.apache.hadoop.mapreduce.lib.fieldsel.FieldSelectionHelper,lib/fieldsel/FieldSelectionHelper.java
org.apache.hadoop.mapreduce.lib.fieldsel.FieldSelectionMapper,lib/fieldsel/FieldSelectionMapper.java
org.apache.hadoop.mapreduce.lib.fieldsel.FieldSelectionReducer,lib/fieldsel/FieldSelectionReducer.java
org.apache.hadoop.mapreduce.lib.input.CombineFileInputFormat,lib/input/CombineFileInputFormat.java
org.apache.hadoop.mapreduce.lib.input.CombineFileRecordReader,lib/input/CombineFileRecordReader.java
org.apache.hadoop.mapreduce.lib.input.CombineFileRecordReaderWrapper,lib/input/CombineFileRecordReaderWrapper.java
org.apache.hadoop.mapreduce.lib.input.CombineFileSplit,lib/input/CombineFileSplit.java
org.apache.hadoop.mapreduce.lib.input.CombineSequenceFileInputFormat,lib/input/CombineSequenceFileInputFormat.java
org.apache.hadoop.mapreduce.lib.input.CombineTextInputFormat,lib/input/CombineTextInputFormat.java
org.apache.hadoop.mapreduce.lib.input.CompressedSplitLineReader,lib/input/CompressedSplitLineReader.java
org.apache.hadoop.mapreduce.lib.input.DelegatingInputFormat,lib/input/DelegatingInputFormat.java
org.apache.hadoop.mapreduce.lib.input.DelegatingMapper,lib/input/DelegatingMapper.java
org.apache.hadoop.mapreduce.lib.input.DelegatingRecordReader,lib/input/DelegatingRecordReader.java
org.apache.hadoop.mapreduce.lib.input.FileInputFormat,lib/input/FileInputFormat.java
org.apache.hadoop.mapreduce.lib.input.FileInputFormatCounter,lib/input/FileInputFormatCounter.java
org.apache.hadoop.mapreduce.lib.input.FileSplit,lib/input/FileSplit.java
org.apache.hadoop.mapreduce.lib.input.FixedLengthInputFormat,lib/input/FixedLengthInputFormat.java
org.apache.hadoop.mapreduce.lib.input.FixedLengthRecordReader,lib/input/FixedLengthRecordReader.java
org.apache.hadoop.mapreduce.lib.input.InvalidInputException,lib/input/InvalidInputException.java
org.apache.hadoop.mapreduce.lib.input.KeyValueLineRecordReader,lib/input/KeyValueLineRecordReader.java
org.apache.hadoop.mapreduce.lib.input.KeyValueTextInputFormat,lib/input/KeyValueTextInputFormat.java
org.apache.hadoop.mapreduce.lib.input.LineRecordReader,lib/input/LineRecordReader.java
org.apache.hadoop.mapreduce.lib.input.MultipleInputs,lib/input/MultipleInputs.java
org.apache.hadoop.mapreduce.lib.input.NLineInputFormat,lib/input/NLineInputFormat.java
org.apache.hadoop.mapreduce.lib.input.SequenceFileAsBinaryInputFormat,lib/input/SequenceFileAsBinaryInputFormat.java
org.apache.hadoop.mapreduce.lib.input.SequenceFileAsTextInputFormat,lib/input/SequenceFileAsTextInputFormat.java
org.apache.hadoop.mapreduce.lib.input.SequenceFileAsTextRecordReader,lib/input/SequenceFileAsTextRecordReader.java
org.apache.hadoop.mapreduce.lib.input.SequenceFileInputFilter,lib/input/SequenceFileInputFilter.java
org.apache.hadoop.mapreduce.lib.input.SequenceFileInputFormat,lib/input/SequenceFileInputFormat.java
org.apache.hadoop.mapreduce.lib.input.SequenceFileRecordReader,lib/input/SequenceFileRecordReader.java
org.apache.hadoop.mapreduce.lib.input.SplitLineReader,lib/input/SplitLineReader.java
org.apache.hadoop.mapreduce.lib.input.TaggedInputSplit,lib/input/TaggedInputSplit.java
org.apache.hadoop.mapreduce.lib.input.TextInputFormat,lib/input/TextInputFormat.java
org.apache.hadoop.mapreduce.lib.input.UncompressedSplitLineReader,lib/input/UncompressedSplitLineReader.java
org.apache.hadoop.mapreduce.lib.jobcontrol.ControlledJob,lib/jobcontrol/ControlledJob.java
org.apache.hadoop.mapreduce.lib.jobcontrol.JobControl,lib/jobcontrol/JobControl.java
org.apache.hadoop.mapreduce.lib.join.ArrayListBackedIterator,lib/join/ArrayListBackedIterator.java
org.apache.hadoop.mapreduce.lib.join.ComposableInputFormat,lib/join/ComposableInputFormat.java
org.apache.hadoop.mapreduce.lib.join.ComposableRecordReader,lib/join/ComposableRecordReader.java
org.apache.hadoop.mapreduce.lib.join.CompositeInputFormat,lib/join/CompositeInputFormat.java
org.apache.hadoop.mapreduce.lib.join.CompositeInputSplit,lib/join/CompositeInputSplit.java
org.apache.hadoop.mapreduce.lib.join.CompositeRecordReader,lib/join/CompositeRecordReader.java
org.apache.hadoop.mapreduce.lib.join.InnerJoinRecordReader,lib/join/InnerJoinRecordReader.java
org.apache.hadoop.mapreduce.lib.join.JoinRecordReader,lib/join/JoinRecordReader.java
org.apache.hadoop.mapreduce.lib.join.MultiFilterRecordReader,lib/join/MultiFilterRecordReader.java
org.apache.hadoop.mapreduce.lib.join.OuterJoinRecordReader,lib/join/OuterJoinRecordReader.java
org.apache.hadoop.mapreduce.lib.join.OverrideRecordReader,lib/join/OverrideRecordReader.java
org.apache.hadoop.mapreduce.lib.join.Parser,lib/join/Parser.java
org.apache.hadoop.mapreduce.lib.join.ResetableIterator,lib/join/ResetableIterator.java
org.apache.hadoop.mapreduce.lib.join.StreamBackedIterator,lib/join/StreamBackedIterator.java
org.apache.hadoop.mapreduce.lib.join.TupleWritable,lib/join/TupleWritable.java
org.apache.hadoop.mapreduce.lib.join.WrappedRecordReader,lib/join/WrappedRecordReader.java
org.apache.hadoop.mapreduce.lib.map.InverseMapper,lib/map/InverseMapper.java
org.apache.hadoop.mapreduce.lib.map.MultithreadedMapper,lib/map/MultithreadedMapper.java
org.apache.hadoop.mapreduce.lib.map.RegexMapper,lib/map/RegexMapper.java
org.apache.hadoop.mapreduce.lib.map.TokenCounterMapper,lib/map/TokenCounterMapper.java
org.apache.hadoop.mapreduce.lib.map.WrappedMapper,lib/map/WrappedMapper.java
org.apache.hadoop.mapreduce.lib.output.BindingPathOutputCommitter,lib/output/BindingPathOutputCommitter.java
org.apache.hadoop.mapreduce.lib.output.FileOutputCommitter,lib/output/FileOutputCommitter.java
org.apache.hadoop.mapreduce.lib.output.FileOutputCommitterFactory,lib/output/FileOutputCommitterFactory.java
org.apache.hadoop.mapreduce.lib.output.FileOutputFormat,lib/output/FileOutputFormat.java
org.apache.hadoop.mapreduce.lib.output.FileOutputFormatCounter,lib/output/FileOutputFormatCounter.java
org.apache.hadoop.mapreduce.lib.output.FilterOutputFormat,lib/output/FilterOutputFormat.java
org.apache.hadoop.mapreduce.lib.output.LazyOutputFormat,lib/output/LazyOutputFormat.java
org.apache.hadoop.mapreduce.lib.output.MapFileOutputFormat,lib/output/MapFileOutputFormat.java
org.apache.hadoop.mapreduce.lib.output.MultipleOutputs,lib/output/MultipleOutputs.java
org.apache.hadoop.mapreduce.lib.output.NamedCommitterFactory,lib/output/NamedCommitterFactory.java
org.apache.hadoop.mapreduce.lib.output.NullOutputFormat,lib/output/NullOutputFormat.java
org.apache.hadoop.mapreduce.lib.output.PartialFileOutputCommitter,lib/output/PartialFileOutputCommitter.java
org.apache.hadoop.mapreduce.lib.output.PartialOutputCommitter,lib/output/PartialOutputCommitter.java
org.apache.hadoop.mapreduce.lib.output.PathOutputCommitter,lib/output/PathOutputCommitter.java
org.apache.hadoop.mapreduce.lib.output.PathOutputCommitterFactory,lib/output/PathOutputCommitterFactory.java
org.apache.hadoop.mapreduce.lib.output.SequenceFileAsBinaryOutputFormat,lib/output/SequenceFileAsBinaryOutputFormat.java
org.apache.hadoop.mapreduce.lib.output.SequenceFileOutputFormat,lib/output/SequenceFileOutputFormat.java
org.apache.hadoop.mapreduce.lib.output.TextOutputFormat,lib/output/TextOutputFormat.java
org.apache.hadoop.mapreduce.lib.output.committer.manifest.ManifestCommitter,lib/output/committer/manifest/ManifestCommitter.java
org.apache.hadoop.mapreduce.lib.output.committer.manifest.ManifestCommitterConfig,lib/output/committer/manifest/ManifestCommitterConfig.java
org.apache.hadoop.mapreduce.lib.output.committer.manifest.ManifestCommitterConstants,lib/output/committer/manifest/ManifestCommitterConstants.java
org.apache.hadoop.mapreduce.lib.output.committer.manifest.ManifestCommitterFactory,lib/output/committer/manifest/ManifestCommitterFactory.java
org.apache.hadoop.mapreduce.lib.output.committer.manifest.ManifestCommitterStatisticNames,lib/output/committer/manifest/ManifestCommitterStatisticNames.java
org.apache.hadoop.mapreduce.lib.output.committer.manifest.files.AbstractManifestData,lib/output/committer/manifest/files/AbstractManifestData.java
org.apache.hadoop.mapreduce.lib.output.committer.manifest.files.DiagnosticKeys,lib/output/committer/manifest/files/DiagnosticKeys.java
org.apache.hadoop.mapreduce.lib.output.committer.manifest.files.DirEntry,lib/output/committer/manifest/files/DirEntry.java
org.apache.hadoop.mapreduce.lib.output.committer.manifest.files.EntryStatus,lib/output/committer/manifest/files/EntryStatus.java
org.apache.hadoop.mapreduce.lib.output.committer.manifest.files.FileEntry,lib/output/committer/manifest/files/FileEntry.java
org.apache.hadoop.mapreduce.lib.output.committer.manifest.files.ManifestPrinter,lib/output/committer/manifest/files/ManifestPrinter.java
org.apache.hadoop.mapreduce.lib.output.committer.manifest.files.ManifestSuccessData,lib/output/committer/manifest/files/ManifestSuccessData.java
org.apache.hadoop.mapreduce.lib.output.committer.manifest.files.TaskManifest,lib/output/committer/manifest/files/TaskManifest.java
org.apache.hadoop.mapreduce.lib.output.committer.manifest.files.package-info,lib/output/committer/manifest/files/package-info.java
org.apache.hadoop.mapreduce.lib.output.committer.manifest.impl.AuditingIntegration,lib/output/committer/manifest/impl/AuditingIntegration.java
org.apache.hadoop.mapreduce.lib.output.committer.manifest.impl.EntryFileIO,lib/output/committer/manifest/impl/EntryFileIO.java
org.apache.hadoop.mapreduce.lib.output.committer.manifest.impl.InternalConstants,lib/output/committer/manifest/impl/InternalConstants.java
org.apache.hadoop.mapreduce.lib.output.committer.manifest.impl.LoadedManifestData,lib/output/committer/manifest/impl/LoadedManifestData.java
org.apache.hadoop.mapreduce.lib.output.committer.manifest.impl.ManifestCommitterSupport,lib/output/committer/manifest/impl/ManifestCommitterSupport.java
org.apache.hadoop.mapreduce.lib.output.committer.manifest.impl.ManifestStoreOperations,lib/output/committer/manifest/impl/ManifestStoreOperations.java
org.apache.hadoop.mapreduce.lib.output.committer.manifest.impl.ManifestStoreOperationsThroughFileSystem,lib/output/committer/manifest/impl/ManifestStoreOperationsThroughFileSystem.java
org.apache.hadoop.mapreduce.lib.output.committer.manifest.impl.OutputValidationException,lib/output/committer/manifest/impl/OutputValidationException.java
org.apache.hadoop.mapreduce.lib.output.committer.manifest.impl.package-info,lib/output/committer/manifest/impl/package-info.java
org.apache.hadoop.mapreduce.lib.output.committer.manifest.package-info,lib/output/committer/manifest/package-info.java
org.apache.hadoop.mapreduce.lib.output.committer.manifest.stages.AbortTaskStage,lib/output/committer/manifest/stages/AbortTaskStage.java
org.apache.hadoop.mapreduce.lib.output.committer.manifest.stages.AbstractJobOrTaskStage,lib/output/committer/manifest/stages/AbstractJobOrTaskStage.java
org.apache.hadoop.mapreduce.lib.output.committer.manifest.stages.CleanupJobStage,lib/output/committer/manifest/stages/CleanupJobStage.java
org.apache.hadoop.mapreduce.lib.output.committer.manifest.stages.CommitJobStage,lib/output/committer/manifest/stages/CommitJobStage.java
org.apache.hadoop.mapreduce.lib.output.committer.manifest.stages.CommitTaskStage,lib/output/committer/manifest/stages/CommitTaskStage.java
org.apache.hadoop.mapreduce.lib.output.committer.manifest.stages.CreateOutputDirectoriesStage,lib/output/committer/manifest/stages/CreateOutputDirectoriesStage.java
org.apache.hadoop.mapreduce.lib.output.committer.manifest.stages.JobOrTaskStage,lib/output/committer/manifest/stages/JobOrTaskStage.java
org.apache.hadoop.mapreduce.lib.output.committer.manifest.stages.LoadManifestsStage,lib/output/committer/manifest/stages/LoadManifestsStage.java
org.apache.hadoop.mapreduce.lib.output.committer.manifest.stages.RenameFilesStage,lib/output/committer/manifest/stages/RenameFilesStage.java
org.apache.hadoop.mapreduce.lib.output.committer.manifest.stages.SaveSuccessFileStage,lib/output/committer/manifest/stages/SaveSuccessFileStage.java
org.apache.hadoop.mapreduce.lib.output.committer.manifest.stages.SaveTaskManifestStage,lib/output/committer/manifest/stages/SaveTaskManifestStage.java
org.apache.hadoop.mapreduce.lib.output.committer.manifest.stages.SetupJobStage,lib/output/committer/manifest/stages/SetupJobStage.java
org.apache.hadoop.mapreduce.lib.output.committer.manifest.stages.SetupTaskStage,lib/output/committer/manifest/stages/SetupTaskStage.java
org.apache.hadoop.mapreduce.lib.output.committer.manifest.stages.StageConfig,lib/output/committer/manifest/stages/StageConfig.java
org.apache.hadoop.mapreduce.lib.output.committer.manifest.stages.StageEventCallbacks,lib/output/committer/manifest/stages/StageEventCallbacks.java
org.apache.hadoop.mapreduce.lib.output.committer.manifest.stages.TaskAttemptScanDirectoryStage,lib/output/committer/manifest/stages/TaskAttemptScanDirectoryStage.java
org.apache.hadoop.mapreduce.lib.output.committer.manifest.stages.ValidateRenamedFilesStage,lib/output/committer/manifest/stages/ValidateRenamedFilesStage.java
org.apache.hadoop.mapreduce.lib.output.committer.manifest.stages.package-info,lib/output/committer/manifest/stages/package-info.java
org.apache.hadoop.mapreduce.lib.partition.BinaryPartitioner,lib/partition/BinaryPartitioner.java
org.apache.hadoop.mapreduce.lib.partition.HashPartitioner,lib/partition/HashPartitioner.java
org.apache.hadoop.mapreduce.lib.partition.InputSampler,lib/partition/InputSampler.java
org.apache.hadoop.mapreduce.lib.partition.KeyFieldBasedComparator,lib/partition/KeyFieldBasedComparator.java
org.apache.hadoop.mapreduce.lib.partition.KeyFieldBasedPartitioner,lib/partition/KeyFieldBasedPartitioner.java
org.apache.hadoop.mapreduce.lib.partition.KeyFieldHelper,lib/partition/KeyFieldHelper.java
org.apache.hadoop.mapreduce.lib.partition.RehashPartitioner,lib/partition/RehashPartitioner.java
org.apache.hadoop.mapreduce.lib.partition.TotalOrderPartitioner,lib/partition/TotalOrderPartitioner.java
org.apache.hadoop.mapreduce.lib.reduce.IntSumReducer,lib/reduce/IntSumReducer.java
org.apache.hadoop.mapreduce.lib.reduce.LongSumReducer,lib/reduce/LongSumReducer.java
org.apache.hadoop.mapreduce.lib.reduce.WrappedReducer,lib/reduce/WrappedReducer.java
org.apache.hadoop.mapreduce.protocol.ClientProtocol,protocol/ClientProtocol.java
org.apache.hadoop.mapreduce.protocol.ClientProtocolProvider,protocol/ClientProtocolProvider.java
org.apache.hadoop.mapreduce.protocol.package-info,protocol/package-info.java
org.apache.hadoop.mapreduce.security.IntermediateEncryptedStream,security/IntermediateEncryptedStream.java
org.apache.hadoop.mapreduce.security.SecureShuffleUtils,security/SecureShuffleUtils.java
org.apache.hadoop.mapreduce.security.SpillCallBackInjector,security/SpillCallBackInjector.java
org.apache.hadoop.mapreduce.security.SpillCallBackPathsFinder,security/SpillCallBackPathsFinder.java
org.apache.hadoop.mapreduce.security.TokenCache,security/TokenCache.java
org.apache.hadoop.mapreduce.security.package-info,security/package-info.java
org.apache.hadoop.mapreduce.security.token.JobTokenIdentifier,security/token/JobTokenIdentifier.java
org.apache.hadoop.mapreduce.security.token.JobTokenSecretManager,security/token/JobTokenSecretManager.java
org.apache.hadoop.mapreduce.security.token.JobTokenSelector,security/token/JobTokenSelector.java
org.apache.hadoop.mapreduce.security.token.delegation.DelegationTokenIdentifier,security/token/delegation/DelegationTokenIdentifier.java
org.apache.hadoop.mapreduce.security.token.delegation.DelegationTokenSecretManager,security/token/delegation/DelegationTokenSecretManager.java
org.apache.hadoop.mapreduce.security.token.delegation.DelegationTokenSelector,security/token/delegation/DelegationTokenSelector.java
org.apache.hadoop.mapreduce.security.token.delegation.package-info,security/token/delegation/package-info.java
org.apache.hadoop.mapreduce.security.token.package-info,security/token/package-info.java
org.apache.hadoop.mapreduce.server.jobtracker.JTConfig,server/jobtracker/JTConfig.java
org.apache.hadoop.mapreduce.server.tasktracker.TTConfig,server/tasktracker/TTConfig.java
org.apache.hadoop.mapreduce.split.JobSplit,split/JobSplit.java
org.apache.hadoop.mapreduce.split.JobSplitWriter,split/JobSplitWriter.java
org.apache.hadoop.mapreduce.split.SplitMetaInfoReader,split/SplitMetaInfoReader.java
org.apache.hadoop.mapreduce.split.package-info,split/package-info.java
org.apache.hadoop.mapreduce.task.JobContextImpl,task/JobContextImpl.java
org.apache.hadoop.mapreduce.task.MapContextImpl,task/MapContextImpl.java
org.apache.hadoop.mapreduce.task.ReduceContextImpl,task/ReduceContextImpl.java
org.apache.hadoop.mapreduce.task.TaskAttemptContextImpl,task/TaskAttemptContextImpl.java
org.apache.hadoop.mapreduce.task.TaskInputOutputContextImpl,task/TaskInputOutputContextImpl.java
org.apache.hadoop.mapreduce.task.annotation.Checkpointable,task/annotation/Checkpointable.java
org.apache.hadoop.mapreduce.task.package-info,task/package-info.java
org.apache.hadoop.mapreduce.task.reduce.EventFetcher,task/reduce/EventFetcher.java
org.apache.hadoop.mapreduce.task.reduce.ExceptionReporter,task/reduce/ExceptionReporter.java
org.apache.hadoop.mapreduce.task.reduce.Fetcher,task/reduce/Fetcher.java
org.apache.hadoop.mapreduce.task.reduce.IFileWrappedMapOutput,task/reduce/IFileWrappedMapOutput.java
org.apache.hadoop.mapreduce.task.reduce.InMemoryMapOutput,task/reduce/InMemoryMapOutput.java
org.apache.hadoop.mapreduce.task.reduce.InMemoryReader,task/reduce/InMemoryReader.java
org.apache.hadoop.mapreduce.task.reduce.InMemoryWriter,task/reduce/InMemoryWriter.java
org.apache.hadoop.mapreduce.task.reduce.LocalFetcher,task/reduce/LocalFetcher.java
org.apache.hadoop.mapreduce.task.reduce.MapHost,task/reduce/MapHost.java
org.apache.hadoop.mapreduce.task.reduce.MapOutput,task/reduce/MapOutput.java
org.apache.hadoop.mapreduce.task.reduce.MergeManager,task/reduce/MergeManager.java
org.apache.hadoop.mapreduce.task.reduce.MergeManagerImpl,task/reduce/MergeManagerImpl.java
org.apache.hadoop.mapreduce.task.reduce.MergeThread,task/reduce/MergeThread.java
org.apache.hadoop.mapreduce.task.reduce.OnDiskMapOutput,task/reduce/OnDiskMapOutput.java
org.apache.hadoop.mapreduce.task.reduce.Shuffle,task/reduce/Shuffle.java
org.apache.hadoop.mapreduce.task.reduce.ShuffleClientMetrics,task/reduce/ShuffleClientMetrics.java
org.apache.hadoop.mapreduce.task.reduce.ShuffleHeader,task/reduce/ShuffleHeader.java
org.apache.hadoop.mapreduce.task.reduce.ShuffleScheduler,task/reduce/ShuffleScheduler.java
org.apache.hadoop.mapreduce.task.reduce.ShuffleSchedulerImpl,task/reduce/ShuffleSchedulerImpl.java
org.apache.hadoop.mapreduce.task.reduce.package-info,task/reduce/package-info.java
org.apache.hadoop.mapreduce.tools.CLI,tools/CLI.java
org.apache.hadoop.mapreduce.util.ConfigUtil,util/ConfigUtil.java
org.apache.hadoop.mapreduce.util.CountersStrings,util/CountersStrings.java
org.apache.hadoop.mapreduce.util.HostUtil,util/HostUtil.java
org.apache.hadoop.mapreduce.util.JobHistoryEventUtils,util/JobHistoryEventUtils.java
org.apache.hadoop.mapreduce.util.MRJobConfUtil,util/MRJobConfUtil.java
org.apache.hadoop.mapreduce.util.ProcessTree,util/ProcessTree.java
org.apache.hadoop.mapreduce.util.ResourceBundles,util/ResourceBundles.java
org.apache.hadoop.mapreduce.util.package-info,util/package-info.java
org.apache.hadoop.mapreduce.v2.LogParams,v2/LogParams.java
