cluster,class,path
0,org.apache.hadoop.mapreduce.JobSubmissionFiles,JobSubmissionFiles.java
0,org.apache.hadoop.mapreduce.protocol.ClientProtocolProvider,protocol/ClientProtocolProvider.java
1,org.apache.hadoop.mapreduce.Cluster,Cluster.java
1,org.apache.hadoop.mapreduce.Job,Job.java
1,org.apache.hadoop.mapreduce.protocol.ClientProtocol,protocol/ClientProtocol.java
1,org.apache.hadoop.mapreduce.tools.CLI,tools/CLI.java
2,org.apache.hadoop.mapreduce.ClusterMetrics,ClusterMetrics.java
2,org.apache.hadoop.mapreduce.Counter,Counter.java
2,org.apache.hadoop.mapreduce.FileSystemCounter,FileSystemCounter.java
2,org.apache.hadoop.mapreduce.ID,ID.java
2,org.apache.hadoop.mapreduce.InputSplit,InputSplit.java
2,org.apache.hadoop.mapreduce.JobCounter,JobCounter.java
2,org.apache.hadoop.mapreduce.JobPriority,JobPriority.java
2,org.apache.hadoop.mapreduce.MRConfig,MRConfig.java
2,org.apache.hadoop.mapreduce.MRJobConfig,MRJobConfig.java
2,org.apache.hadoop.mapreduce.MarkableIteratorInterface,MarkableIteratorInterface.java
2,org.apache.hadoop.mapreduce.Partitioner,Partitioner.java
2,org.apache.hadoop.mapreduce.QueueAclsInfo,QueueAclsInfo.java
2,org.apache.hadoop.mapreduce.QueueState,QueueState.java
2,org.apache.hadoop.mapreduce.TaskCounter,TaskCounter.java
2,org.apache.hadoop.mapreduce.TaskTrackerInfo,TaskTrackerInfo.java
2,org.apache.hadoop.mapreduce.TaskType,TaskType.java
2,org.apache.hadoop.mapreduce.checkpoint.CheckpointID,checkpoint/CheckpointID.java
2,org.apache.hadoop.mapreduce.checkpoint.CheckpointNamingService,checkpoint/CheckpointNamingService.java
2,org.apache.hadoop.mapreduce.checkpoint.EnumCounter,checkpoint/EnumCounter.java
2,org.apache.hadoop.mapreduce.counters.LimitExceededException,counters/LimitExceededException.java
2,org.apache.hadoop.mapreduce.jobhistory.AvroArrayUtils,jobhistory/AvroArrayUtils.java
2,org.apache.hadoop.mapreduce.jobhistory.EventType,jobhistory/EventType.java
2,org.apache.hadoop.mapreduce.jobhistory.Events,jobhistory/Events.java
2,org.apache.hadoop.mapreduce.jobhistory.HistoryEventHandler,jobhistory/HistoryEventHandler.java
2,org.apache.hadoop.mapreduce.jobhistory.HistoryViewerPrinter,jobhistory/HistoryViewerPrinter.java
2,org.apache.hadoop.mapreduce.lib.aggregate.ValueAggregator,lib/aggregate/ValueAggregator.java
2,org.apache.hadoop.mapreduce.lib.aggregate.ValueAggregatorDescriptor,lib/aggregate/ValueAggregatorDescriptor.java
2,org.apache.hadoop.mapreduce.lib.db.DBWritable,lib/db/DBWritable.java
2,org.apache.hadoop.mapreduce.lib.db.OracleDateSplitter,lib/db/OracleDateSplitter.java
2,org.apache.hadoop.mapreduce.lib.fieldsel.FieldSelectionHelper,lib/fieldsel/FieldSelectionHelper.java
2,org.apache.hadoop.mapreduce.lib.input.InvalidInputException,lib/input/InvalidInputException.java
2,org.apache.hadoop.mapreduce.lib.input.SplitLineReader,lib/input/SplitLineReader.java
2,org.apache.hadoop.mapreduce.lib.output.committer.manifest.ManifestCommitterStatisticNames,lib/output/committer/manifest/ManifestCommitterStatisticNames.java
2,org.apache.hadoop.mapreduce.lib.output.committer.manifest.files.AbstractManifestData,lib/output/committer/manifest/files/AbstractManifestData.java
2,org.apache.hadoop.mapreduce.lib.output.committer.manifest.files.DiagnosticKeys,lib/output/committer/manifest/files/DiagnosticKeys.java
2,org.apache.hadoop.mapreduce.lib.output.committer.manifest.files.EntryStatus,lib/output/committer/manifest/files/EntryStatus.java
2,org.apache.hadoop.mapreduce.lib.output.committer.manifest.impl.OutputValidationException,lib/output/committer/manifest/impl/OutputValidationException.java
2,org.apache.hadoop.mapreduce.lib.output.committer.manifest.stages.JobOrTaskStage,lib/output/committer/manifest/stages/JobOrTaskStage.java
2,org.apache.hadoop.mapreduce.lib.output.committer.manifest.stages.StageEventCallbacks,lib/output/committer/manifest/stages/StageEventCallbacks.java
2,org.apache.hadoop.mapreduce.security.SpillCallBackInjector,security/SpillCallBackInjector.java
2,org.apache.hadoop.mapreduce.security.token.delegation.DelegationTokenIdentifier,security/token/delegation/DelegationTokenIdentifier.java
2,org.apache.hadoop.mapreduce.task.annotation.Checkpointable,task/annotation/Checkpointable.java
2,org.apache.hadoop.mapreduce.task.reduce.ExceptionReporter,task/reduce/ExceptionReporter.java
2,org.apache.hadoop.mapreduce.task.reduce.InMemoryWriter,task/reduce/InMemoryWriter.java
2,org.apache.hadoop.mapreduce.task.reduce.ShuffleHeader,task/reduce/ShuffleHeader.java
2,org.apache.hadoop.mapreduce.task.reduce.ShuffleScheduler,task/reduce/ShuffleScheduler.java
2,org.apache.hadoop.mapreduce.util.HostUtil,util/HostUtil.java
2,org.apache.hadoop.mapreduce.util.ResourceBundles,util/ResourceBundles.java
2,org.apache.hadoop.mapreduce.v2.LogParams,v2/LogParams.java
3,org.apache.hadoop.mapreduce.ContextFactory,ContextFactory.java
3,org.apache.hadoop.mapreduce.lib.map.MultithreadedMapper,lib/map/MultithreadedMapper.java
3,org.apache.hadoop.mapreduce.task.MapContextImpl,task/MapContextImpl.java
3,org.apache.hadoop.mapreduce.task.ReduceContextImpl,task/ReduceContextImpl.java
3,org.apache.hadoop.mapreduce.task.TaskAttemptContextImpl,task/TaskAttemptContextImpl.java
4,org.apache.hadoop.mapreduce.CounterGroup,CounterGroup.java
4,org.apache.hadoop.mapreduce.counters.AbstractCounterGroup,counters/AbstractCounterGroup.java
4,org.apache.hadoop.mapreduce.counters.AbstractCounters,counters/AbstractCounters.java
4,org.apache.hadoop.mapreduce.counters.CounterGroupFactory,counters/CounterGroupFactory.java
4,org.apache.hadoop.mapreduce.counters.FileSystemCounterGroup,counters/FileSystemCounterGroup.java
4,org.apache.hadoop.mapreduce.counters.FrameworkCounterGroup,counters/FrameworkCounterGroup.java
4,org.apache.hadoop.mapreduce.util.CountersStrings,util/CountersStrings.java
4,org.apache.hadoop.mapreduce.util.JobHistoryEventUtils,util/JobHistoryEventUtils.java
5,org.apache.hadoop.mapreduce.TaskReport,TaskReport.java
5,org.apache.hadoop.mapreduce.lib.output.FileOutputFormat,lib/output/FileOutputFormat.java
5,org.apache.hadoop.mapreduce.lib.output.MultipleOutputs,lib/output/MultipleOutputs.java
5,org.apache.hadoop.mapreduce.task.TaskInputOutputContextImpl,task/TaskInputOutputContextImpl.java
6,org.apache.hadoop.mapreduce.Counters,Counters.java
7,org.apache.hadoop.mapreduce.CryptoUtils,CryptoUtils.java
7,org.apache.hadoop.mapreduce.JobACL,JobACL.java
7,org.apache.hadoop.mapreduce.counters.Limits,counters/Limits.java
7,org.apache.hadoop.mapreduce.filecache.ClientDistributedCacheManager,filecache/ClientDistributedCacheManager.java
7,org.apache.hadoop.mapreduce.filecache.DistributedCache,filecache/DistributedCache.java
7,org.apache.hadoop.mapreduce.security.TokenCache,security/TokenCache.java
7,org.apache.hadoop.mapreduce.util.MRJobConfUtil,util/MRJobConfUtil.java
8,org.apache.hadoop.mapreduce.InputFormat,InputFormat.java
8,org.apache.hadoop.mapreduce.RecordReader,RecordReader.java
8,org.apache.hadoop.mapreduce.lib.input.CombineFileInputFormat,lib/input/CombineFileInputFormat.java
8,org.apache.hadoop.mapreduce.lib.input.CombineFileRecordReader,lib/input/CombineFileRecordReader.java
8,org.apache.hadoop.mapreduce.lib.input.CombineFileRecordReaderWrapper,lib/input/CombineFileRecordReaderWrapper.java
8,org.apache.hadoop.mapreduce.lib.input.DelegatingInputFormat,lib/input/DelegatingInputFormat.java
8,org.apache.hadoop.mapreduce.lib.input.DelegatingRecordReader,lib/input/DelegatingRecordReader.java
8,org.apache.hadoop.mapreduce.lib.input.FixedLengthInputFormat,lib/input/FixedLengthInputFormat.java
8,org.apache.hadoop.mapreduce.lib.input.FixedLengthRecordReader,lib/input/FixedLengthRecordReader.java
8,org.apache.hadoop.mapreduce.lib.input.KeyValueLineRecordReader,lib/input/KeyValueLineRecordReader.java
8,org.apache.hadoop.mapreduce.lib.input.KeyValueTextInputFormat,lib/input/KeyValueTextInputFormat.java
8,org.apache.hadoop.mapreduce.lib.input.LineRecordReader,lib/input/LineRecordReader.java
8,org.apache.hadoop.mapreduce.lib.input.NLineInputFormat,lib/input/NLineInputFormat.java
8,org.apache.hadoop.mapreduce.lib.input.SequenceFileAsTextRecordReader,lib/input/SequenceFileAsTextRecordReader.java
8,org.apache.hadoop.mapreduce.lib.input.SequenceFileInputFormat,lib/input/SequenceFileInputFormat.java
8,org.apache.hadoop.mapreduce.lib.input.SequenceFileRecordReader,lib/input/SequenceFileRecordReader.java
8,org.apache.hadoop.mapreduce.lib.input.TextInputFormat,lib/input/TextInputFormat.java
8,org.apache.hadoop.mapreduce.lib.join.ComposableInputFormat,lib/join/ComposableInputFormat.java
10,org.apache.hadoop.mapreduce.JobContext,JobContext.java
10,org.apache.hadoop.mapreduce.lib.chain.ChainMapContextImpl,lib/chain/ChainMapContextImpl.java
10,org.apache.hadoop.mapreduce.lib.chain.ChainReduceContextImpl,lib/chain/ChainReduceContextImpl.java
10,org.apache.hadoop.mapreduce.task.JobContextImpl,task/JobContextImpl.java
11,org.apache.hadoop.mapreduce.JobID,JobID.java
11,org.apache.hadoop.mapreduce.JobStatus,JobStatus.java
11,org.apache.hadoop.mapreduce.TaskAttemptID,TaskAttemptID.java
11,org.apache.hadoop.mapreduce.TaskID,TaskID.java
12,org.apache.hadoop.mapreduce.JobResourceUploader,JobResourceUploader.java
12,org.apache.hadoop.mapreduce.JobSubmitter,JobSubmitter.java
12,org.apache.hadoop.mapreduce.lib.aggregate.ValueAggregatorJob,lib/aggregate/ValueAggregatorJob.java
12,org.apache.hadoop.mapreduce.lib.input.FileInputFormat,lib/input/FileInputFormat.java
12,org.apache.hadoop.mapreduce.lib.input.MultipleInputs,lib/input/MultipleInputs.java
12,org.apache.hadoop.mapreduce.lib.jobcontrol.ControlledJob,lib/jobcontrol/ControlledJob.java
12,org.apache.hadoop.mapreduce.lib.partition.InputSampler,lib/partition/InputSampler.java
12,org.apache.hadoop.mapreduce.util.ConfigUtil,util/ConfigUtil.java
13,org.apache.hadoop.mapreduce.QueueInfo,QueueInfo.java
14,org.apache.hadoop.mapreduce.MapContext,MapContext.java
14,org.apache.hadoop.mapreduce.ReduceContext,ReduceContext.java
15,org.apache.hadoop.mapreduce.lib.aggregate.ValueAggregatorMapper,lib/aggregate/ValueAggregatorMapper.java
15,org.apache.hadoop.mapreduce.lib.fieldsel.FieldSelectionMapper,lib/fieldsel/FieldSelectionMapper.java
15,org.apache.hadoop.mapreduce.lib.input.DelegatingMapper,lib/input/DelegatingMapper.java
15,org.apache.hadoop.mapreduce.lib.input.TaggedInputSplit,lib/input/TaggedInputSplit.java
15,org.apache.hadoop.mapreduce.lib.map.WrappedMapper,lib/map/WrappedMapper.java
16,org.apache.hadoop.mapreduce.Mapper,Mapper.java
16,org.apache.hadoop.mapreduce.lib.map.InverseMapper,lib/map/InverseMapper.java
16,org.apache.hadoop.mapreduce.lib.map.RegexMapper,lib/map/RegexMapper.java
16,org.apache.hadoop.mapreduce.lib.map.TokenCounterMapper,lib/map/TokenCounterMapper.java
17,org.apache.hadoop.mapreduce.MarkableIterator,MarkableIterator.java
17,org.apache.hadoop.mapreduce.Reducer,Reducer.java
18,org.apache.hadoop.mapreduce.OutputCommitter,OutputCommitter.java
18,org.apache.hadoop.mapreduce.TaskAttemptContext,TaskAttemptContext.java
18,org.apache.hadoop.mapreduce.lib.output.BindingPathOutputCommitter,lib/output/BindingPathOutputCommitter.java
18,org.apache.hadoop.mapreduce.lib.output.FileOutputCommitter,lib/output/FileOutputCommitter.java
18,org.apache.hadoop.mapreduce.lib.output.FileOutputCommitterFactory,lib/output/FileOutputCommitterFactory.java
18,org.apache.hadoop.mapreduce.lib.output.NamedCommitterFactory,lib/output/NamedCommitterFactory.java
18,org.apache.hadoop.mapreduce.lib.output.PartialFileOutputCommitter,lib/output/PartialFileOutputCommitter.java
18,org.apache.hadoop.mapreduce.lib.output.PathOutputCommitterFactory,lib/output/PathOutputCommitterFactory.java
18,org.apache.hadoop.mapreduce.lib.output.committer.manifest.ManifestCommitterFactory,lib/output/committer/manifest/ManifestCommitterFactory.java
19,org.apache.hadoop.mapreduce.OutputFormat,OutputFormat.java
19,org.apache.hadoop.mapreduce.lib.db.DBOutputFormat,lib/db/DBOutputFormat.java
19,org.apache.hadoop.mapreduce.lib.output.FilterOutputFormat,lib/output/FilterOutputFormat.java
19,org.apache.hadoop.mapreduce.lib.output.LazyOutputFormat,lib/output/LazyOutputFormat.java
19,org.apache.hadoop.mapreduce.lib.output.NullOutputFormat,lib/output/NullOutputFormat.java
19,org.apache.hadoop.mapreduce.lib.output.PathOutputCommitter,lib/output/PathOutputCommitter.java
20,org.apache.hadoop.mapreduce.RecordWriter,RecordWriter.java
20,org.apache.hadoop.mapreduce.TaskInputOutputContext,TaskInputOutputContext.java
20,org.apache.hadoop.mapreduce.lib.output.PartialOutputCommitter,lib/output/PartialOutputCommitter.java
21,org.apache.hadoop.mapreduce.lib.fieldsel.FieldSelectionReducer,lib/fieldsel/FieldSelectionReducer.java
21,org.apache.hadoop.mapreduce.lib.reduce.IntSumReducer,lib/reduce/IntSumReducer.java
21,org.apache.hadoop.mapreduce.lib.reduce.LongSumReducer,lib/reduce/LongSumReducer.java
21,org.apache.hadoop.mapreduce.lib.reduce.WrappedReducer,lib/reduce/WrappedReducer.java
22,org.apache.hadoop.mapreduce.SharedCacheConfig,SharedCacheConfig.java
22,org.apache.hadoop.mapreduce.server.jobtracker.JTConfig,server/jobtracker/JTConfig.java
22,org.apache.hadoop.mapreduce.server.tasktracker.TTConfig,server/tasktracker/TTConfig.java
23,org.apache.hadoop.mapreduce.StatusReporter,StatusReporter.java
23,org.apache.hadoop.mapreduce.counters.AbstractCounter,counters/AbstractCounter.java
23,org.apache.hadoop.mapreduce.counters.CounterGroupBase,counters/CounterGroupBase.java
24,org.apache.hadoop.mapreduce.TaskCompletionEvent,TaskCompletionEvent.java
24,org.apache.hadoop.mapreduce.task.reduce.EventFetcher,task/reduce/EventFetcher.java
24,org.apache.hadoop.mapreduce.task.reduce.Fetcher,task/reduce/Fetcher.java
24,org.apache.hadoop.mapreduce.task.reduce.IFileWrappedMapOutput,task/reduce/IFileWrappedMapOutput.java
24,org.apache.hadoop.mapreduce.task.reduce.InMemoryMapOutput,task/reduce/InMemoryMapOutput.java
24,org.apache.hadoop.mapreduce.task.reduce.InMemoryReader,task/reduce/InMemoryReader.java
24,org.apache.hadoop.mapreduce.task.reduce.LocalFetcher,task/reduce/LocalFetcher.java
24,org.apache.hadoop.mapreduce.task.reduce.MapHost,task/reduce/MapHost.java
24,org.apache.hadoop.mapreduce.task.reduce.MapOutput,task/reduce/MapOutput.java
24,org.apache.hadoop.mapreduce.task.reduce.MergeManager,task/reduce/MergeManager.java
24,org.apache.hadoop.mapreduce.task.reduce.OnDiskMapOutput,task/reduce/OnDiskMapOutput.java
24,org.apache.hadoop.mapreduce.task.reduce.Shuffle,task/reduce/Shuffle.java
24,org.apache.hadoop.mapreduce.task.reduce.ShuffleClientMetrics,task/reduce/ShuffleClientMetrics.java
24,org.apache.hadoop.mapreduce.task.reduce.ShuffleSchedulerImpl,task/reduce/ShuffleSchedulerImpl.java
26,org.apache.hadoop.mapreduce.checkpoint.CheckpointService,checkpoint/CheckpointService.java
26,org.apache.hadoop.mapreduce.checkpoint.FSCheckpointID,checkpoint/FSCheckpointID.java
26,org.apache.hadoop.mapreduce.checkpoint.FSCheckpointService,checkpoint/FSCheckpointService.java
26,org.apache.hadoop.mapreduce.checkpoint.TaskCheckpointID,checkpoint/TaskCheckpointID.java
27,org.apache.hadoop.mapreduce.checkpoint.RandomNameCNS,checkpoint/RandomNameCNS.java
27,org.apache.hadoop.mapreduce.checkpoint.SimpleNamingService,checkpoint/SimpleNamingService.java
28,org.apache.hadoop.mapreduce.counters.GenericCounter,counters/GenericCounter.java
29,org.apache.hadoop.mapreduce.jobhistory.AMStarted,jobhistory/AMStarted.java
30,org.apache.hadoop.mapreduce.jobhistory.AMStartedEvent,jobhistory/AMStartedEvent.java
30,org.apache.hadoop.mapreduce.jobhistory.NormalizedResourceEvent,jobhistory/NormalizedResourceEvent.java
30,org.apache.hadoop.mapreduce.jobhistory.TaskAttemptStartedEvent,jobhistory/TaskAttemptStartedEvent.java
30,org.apache.hadoop.mapreduce.jobhistory.TaskStartedEvent,jobhistory/TaskStartedEvent.java
30,org.apache.hadoop.mapreduce.jobhistory.TaskUpdatedEvent,jobhistory/TaskUpdatedEvent.java
31,org.apache.hadoop.mapreduce.jobhistory.Event,jobhistory/Event.java
31,org.apache.hadoop.mapreduce.jobhistory.HistoryEvent,jobhistory/HistoryEvent.java
32,org.apache.hadoop.mapreduce.jobhistory.EventReader,jobhistory/EventReader.java
32,org.apache.hadoop.mapreduce.jobhistory.EventWriter,jobhistory/EventWriter.java
32,org.apache.hadoop.mapreduce.jobhistory.JobFinishedEvent,jobhistory/JobFinishedEvent.java
32,org.apache.hadoop.mapreduce.jobhistory.JobHistoryParser,jobhistory/JobHistoryParser.java
33,org.apache.hadoop.mapreduce.jobhistory.HistoryViewer,jobhistory/HistoryViewer.java
33,org.apache.hadoop.mapreduce.jobhistory.HumanReadableHistoryViewerPrinter,jobhistory/HumanReadableHistoryViewerPrinter.java
33,org.apache.hadoop.mapreduce.jobhistory.JSONHistoryViewerPrinter,jobhistory/JSONHistoryViewerPrinter.java
35,org.apache.hadoop.mapreduce.jobhistory.JhCounter,jobhistory/JhCounter.java
35,org.apache.hadoop.mapreduce.jobhistory.JhCounterGroup,jobhistory/JhCounterGroup.java
36,org.apache.hadoop.mapreduce.jobhistory.JhCounters,jobhistory/JhCounters.java
37,org.apache.hadoop.mapreduce.jobhistory.JobFinished,jobhistory/JobFinished.java
37,org.apache.hadoop.mapreduce.jobhistory.MapAttemptFinished,jobhistory/MapAttemptFinished.java
37,org.apache.hadoop.mapreduce.jobhistory.ReduceAttemptFinished,jobhistory/ReduceAttemptFinished.java
37,org.apache.hadoop.mapreduce.jobhistory.TaskAttemptFinished,jobhistory/TaskAttemptFinished.java
37,org.apache.hadoop.mapreduce.jobhistory.TaskAttemptUnsuccessfulCompletion,jobhistory/TaskAttemptUnsuccessfulCompletion.java
37,org.apache.hadoop.mapreduce.jobhistory.TaskFailed,jobhistory/TaskFailed.java
37,org.apache.hadoop.mapreduce.jobhistory.TaskFinished,jobhistory/TaskFinished.java
38,org.apache.hadoop.mapreduce.jobhistory.JobInfoChange,jobhistory/JobInfoChange.java
39,org.apache.hadoop.mapreduce.jobhistory.JobInfoChangeEvent,jobhistory/JobInfoChangeEvent.java
39,org.apache.hadoop.mapreduce.jobhistory.JobInitedEvent,jobhistory/JobInitedEvent.java
39,org.apache.hadoop.mapreduce.jobhistory.JobPriorityChangeEvent,jobhistory/JobPriorityChangeEvent.java
39,org.apache.hadoop.mapreduce.jobhistory.JobQueueChangeEvent,jobhistory/JobQueueChangeEvent.java
39,org.apache.hadoop.mapreduce.jobhistory.JobStatusChangedEvent,jobhistory/JobStatusChangedEvent.java
39,org.apache.hadoop.mapreduce.jobhistory.JobSubmittedEvent,jobhistory/JobSubmittedEvent.java
39,org.apache.hadoop.mapreduce.jobhistory.JobUnsuccessfulCompletionEvent,jobhistory/JobUnsuccessfulCompletionEvent.java
40,org.apache.hadoop.mapreduce.jobhistory.JobInited,jobhistory/JobInited.java
41,org.apache.hadoop.mapreduce.jobhistory.JobPriorityChange,jobhistory/JobPriorityChange.java
42,org.apache.hadoop.mapreduce.jobhistory.JobQueueChange,jobhistory/JobQueueChange.java
43,org.apache.hadoop.mapreduce.jobhistory.JobStatusChanged,jobhistory/JobStatusChanged.java
44,org.apache.hadoop.mapreduce.jobhistory.JobSubmitted,jobhistory/JobSubmitted.java
45,org.apache.hadoop.mapreduce.jobhistory.JobUnsuccessfulCompletion,jobhistory/JobUnsuccessfulCompletion.java
46,org.apache.hadoop.mapreduce.jobhistory.MapAttemptFinishedEvent,jobhistory/MapAttemptFinishedEvent.java
46,org.apache.hadoop.mapreduce.jobhistory.ReduceAttemptFinishedEvent,jobhistory/ReduceAttemptFinishedEvent.java
46,org.apache.hadoop.mapreduce.jobhistory.TaskAttemptFinishedEvent,jobhistory/TaskAttemptFinishedEvent.java
46,org.apache.hadoop.mapreduce.jobhistory.TaskAttemptUnsuccessfulCompletionEvent,jobhistory/TaskAttemptUnsuccessfulCompletionEvent.java
46,org.apache.hadoop.mapreduce.jobhistory.TaskFailedEvent,jobhistory/TaskFailedEvent.java
46,org.apache.hadoop.mapreduce.jobhistory.TaskFinishedEvent,jobhistory/TaskFinishedEvent.java
47,org.apache.hadoop.mapreduce.jobhistory.TaskAttemptStarted,jobhistory/TaskAttemptStarted.java
48,org.apache.hadoop.mapreduce.jobhistory.TaskStarted,jobhistory/TaskStarted.java
49,org.apache.hadoop.mapreduce.jobhistory.TaskUpdated,jobhistory/TaskUpdated.java
50,org.apache.hadoop.mapreduce.lib.aggregate.DoubleValueSum,lib/aggregate/DoubleValueSum.java
50,org.apache.hadoop.mapreduce.lib.aggregate.LongValueMax,lib/aggregate/LongValueMax.java
50,org.apache.hadoop.mapreduce.lib.aggregate.LongValueMin,lib/aggregate/LongValueMin.java
50,org.apache.hadoop.mapreduce.lib.aggregate.LongValueSum,lib/aggregate/LongValueSum.java
50,org.apache.hadoop.mapreduce.lib.aggregate.StringValueMax,lib/aggregate/StringValueMax.java
50,org.apache.hadoop.mapreduce.lib.aggregate.StringValueMin,lib/aggregate/StringValueMin.java
50,org.apache.hadoop.mapreduce.lib.aggregate.UniqValueCount,lib/aggregate/UniqValueCount.java
50,org.apache.hadoop.mapreduce.lib.aggregate.ValueHistogram,lib/aggregate/ValueHistogram.java
51,org.apache.hadoop.mapreduce.lib.aggregate.UserDefinedValueAggregatorDescriptor,lib/aggregate/UserDefinedValueAggregatorDescriptor.java
51,org.apache.hadoop.mapreduce.lib.aggregate.ValueAggregatorBaseDescriptor,lib/aggregate/ValueAggregatorBaseDescriptor.java
51,org.apache.hadoop.mapreduce.lib.aggregate.ValueAggregatorCombiner,lib/aggregate/ValueAggregatorCombiner.java
51,org.apache.hadoop.mapreduce.lib.aggregate.ValueAggregatorJobBase,lib/aggregate/ValueAggregatorJobBase.java
51,org.apache.hadoop.mapreduce.lib.aggregate.ValueAggregatorReducer,lib/aggregate/ValueAggregatorReducer.java
53,org.apache.hadoop.mapreduce.lib.chain.Chain,lib/chain/Chain.java
53,org.apache.hadoop.mapreduce.lib.chain.ChainMapper,lib/chain/ChainMapper.java
53,org.apache.hadoop.mapreduce.lib.chain.ChainReducer,lib/chain/ChainReducer.java
54,org.apache.hadoop.mapreduce.lib.output.MapFileOutputFormat,lib/output/MapFileOutputFormat.java
54,org.apache.hadoop.mapreduce.lib.output.SequenceFileAsBinaryOutputFormat,lib/output/SequenceFileAsBinaryOutputFormat.java
54,org.apache.hadoop.mapreduce.lib.output.SequenceFileOutputFormat,lib/output/SequenceFileOutputFormat.java
54,org.apache.hadoop.mapreduce.lib.output.TextOutputFormat,lib/output/TextOutputFormat.java
55,org.apache.hadoop.mapreduce.lib.db.BigDecimalSplitter,lib/db/BigDecimalSplitter.java
55,org.apache.hadoop.mapreduce.lib.db.BooleanSplitter,lib/db/BooleanSplitter.java
55,org.apache.hadoop.mapreduce.lib.db.DateSplitter,lib/db/DateSplitter.java
55,org.apache.hadoop.mapreduce.lib.db.FloatSplitter,lib/db/FloatSplitter.java
55,org.apache.hadoop.mapreduce.lib.db.IntegerSplitter,lib/db/IntegerSplitter.java
55,org.apache.hadoop.mapreduce.lib.db.TextSplitter,lib/db/TextSplitter.java
56,org.apache.hadoop.mapreduce.lib.db.DBConfiguration,lib/db/DBConfiguration.java
57,org.apache.hadoop.mapreduce.lib.db.DBInputFormat,lib/db/DBInputFormat.java
57,org.apache.hadoop.mapreduce.lib.db.DBRecordReader,lib/db/DBRecordReader.java
57,org.apache.hadoop.mapreduce.lib.db.DataDrivenDBInputFormat,lib/db/DataDrivenDBInputFormat.java
57,org.apache.hadoop.mapreduce.lib.db.DataDrivenDBRecordReader,lib/db/DataDrivenDBRecordReader.java
57,org.apache.hadoop.mapreduce.lib.db.MySQLDBRecordReader,lib/db/MySQLDBRecordReader.java
57,org.apache.hadoop.mapreduce.lib.db.MySQLDataDrivenDBRecordReader,lib/db/MySQLDataDrivenDBRecordReader.java
57,org.apache.hadoop.mapreduce.lib.db.OracleDBRecordReader,lib/db/OracleDBRecordReader.java
57,org.apache.hadoop.mapreduce.lib.db.OracleDataDrivenDBInputFormat,lib/db/OracleDataDrivenDBInputFormat.java
57,org.apache.hadoop.mapreduce.lib.db.OracleDataDrivenDBRecordReader,lib/db/OracleDataDrivenDBRecordReader.java
58,org.apache.hadoop.mapreduce.lib.db.DBSplitter,lib/db/DBSplitter.java
58,org.apache.hadoop.mapreduce.lib.input.CombineFileSplit,lib/input/CombineFileSplit.java
58,org.apache.hadoop.mapreduce.lib.input.FileSplit,lib/input/FileSplit.java
58,org.apache.hadoop.mapreduce.lib.join.CompositeInputSplit,lib/join/CompositeInputSplit.java
61,org.apache.hadoop.mapreduce.lib.input.CombineSequenceFileInputFormat,lib/input/CombineSequenceFileInputFormat.java
61,org.apache.hadoop.mapreduce.lib.input.CombineTextInputFormat,lib/input/CombineTextInputFormat.java
61,org.apache.hadoop.mapreduce.lib.input.SequenceFileAsBinaryInputFormat,lib/input/SequenceFileAsBinaryInputFormat.java
61,org.apache.hadoop.mapreduce.lib.input.SequenceFileAsTextInputFormat,lib/input/SequenceFileAsTextInputFormat.java
61,org.apache.hadoop.mapreduce.lib.input.SequenceFileInputFilter,lib/input/SequenceFileInputFilter.java
62,org.apache.hadoop.mapreduce.lib.input.CompressedSplitLineReader,lib/input/CompressedSplitLineReader.java
62,org.apache.hadoop.mapreduce.lib.input.UncompressedSplitLineReader,lib/input/UncompressedSplitLineReader.java
66,org.apache.hadoop.mapreduce.lib.jobcontrol.JobControl,lib/jobcontrol/JobControl.java
67,org.apache.hadoop.mapreduce.lib.join.ComposableRecordReader,lib/join/ComposableRecordReader.java
67,org.apache.hadoop.mapreduce.lib.join.CompositeRecordReader,lib/join/CompositeRecordReader.java
67,org.apache.hadoop.mapreduce.lib.join.MultiFilterRecordReader,lib/join/MultiFilterRecordReader.java
67,org.apache.hadoop.mapreduce.lib.join.WrappedRecordReader,lib/join/WrappedRecordReader.java
68,org.apache.hadoop.mapreduce.lib.join.ArrayListBackedIterator,lib/join/ArrayListBackedIterator.java
68,org.apache.hadoop.mapreduce.lib.join.StreamBackedIterator,lib/join/StreamBackedIterator.java
69,org.apache.hadoop.mapreduce.lib.join.CompositeInputFormat,lib/join/CompositeInputFormat.java
69,org.apache.hadoop.mapreduce.lib.join.Parser,lib/join/Parser.java
70,org.apache.hadoop.mapreduce.lib.join.JoinRecordReader,lib/join/JoinRecordReader.java
70,org.apache.hadoop.mapreduce.lib.join.OverrideRecordReader,lib/join/OverrideRecordReader.java
71,org.apache.hadoop.mapreduce.lib.join.InnerJoinRecordReader,lib/join/InnerJoinRecordReader.java
71,org.apache.hadoop.mapreduce.lib.join.OuterJoinRecordReader,lib/join/OuterJoinRecordReader.java
73,org.apache.hadoop.mapreduce.lib.join.ResetableIterator,lib/join/ResetableIterator.java
73,org.apache.hadoop.mapreduce.lib.join.TupleWritable,lib/join/TupleWritable.java
73,org.apache.hadoop.mapreduce.lib.output.committer.manifest.ManifestCommitterConstants,lib/output/committer/manifest/ManifestCommitterConstants.java
73,org.apache.hadoop.mapreduce.security.SecureShuffleUtils,security/SecureShuffleUtils.java
73,org.apache.hadoop.mapreduce.security.token.JobTokenIdentifier,security/token/JobTokenIdentifier.java
75,org.apache.hadoop.mapreduce.lib.output.committer.manifest.ManifestCommitter,lib/output/committer/manifest/ManifestCommitter.java
75,org.apache.hadoop.mapreduce.lib.output.committer.manifest.ManifestCommitterConfig,lib/output/committer/manifest/ManifestCommitterConfig.java
75,org.apache.hadoop.mapreduce.lib.output.committer.manifest.impl.ManifestCommitterSupport,lib/output/committer/manifest/impl/ManifestCommitterSupport.java
75,org.apache.hadoop.mapreduce.lib.output.committer.manifest.impl.ManifestStoreOperations,lib/output/committer/manifest/impl/ManifestStoreOperations.java
75,org.apache.hadoop.mapreduce.lib.output.committer.manifest.impl.ManifestStoreOperationsThroughFileSystem,lib/output/committer/manifest/impl/ManifestStoreOperationsThroughFileSystem.java
75,org.apache.hadoop.mapreduce.lib.output.committer.manifest.stages.AbstractJobOrTaskStage,lib/output/committer/manifest/stages/AbstractJobOrTaskStage.java
75,org.apache.hadoop.mapreduce.lib.output.committer.manifest.stages.StageConfig,lib/output/committer/manifest/stages/StageConfig.java
76,org.apache.hadoop.mapreduce.lib.output.committer.manifest.files.DirEntry,lib/output/committer/manifest/files/DirEntry.java
76,org.apache.hadoop.mapreduce.lib.output.committer.manifest.files.FileEntry,lib/output/committer/manifest/files/FileEntry.java
76,org.apache.hadoop.mapreduce.lib.output.committer.manifest.files.ManifestSuccessData,lib/output/committer/manifest/files/ManifestSuccessData.java
76,org.apache.hadoop.mapreduce.lib.output.committer.manifest.files.TaskManifest,lib/output/committer/manifest/files/TaskManifest.java
76,org.apache.hadoop.mapreduce.lib.output.committer.manifest.impl.LoadedManifestData,lib/output/committer/manifest/impl/LoadedManifestData.java
77,org.apache.hadoop.mapreduce.lib.output.committer.manifest.files.ManifestPrinter,lib/output/committer/manifest/files/ManifestPrinter.java
78,org.apache.hadoop.mapreduce.lib.output.committer.manifest.impl.AuditingIntegration,lib/output/committer/manifest/impl/AuditingIntegration.java
78,org.apache.hadoop.mapreduce.lib.output.committer.manifest.stages.AbortTaskStage,lib/output/committer/manifest/stages/AbortTaskStage.java
78,org.apache.hadoop.mapreduce.lib.output.committer.manifest.stages.CleanupJobStage,lib/output/committer/manifest/stages/CleanupJobStage.java
78,org.apache.hadoop.mapreduce.lib.output.committer.manifest.stages.SaveSuccessFileStage,lib/output/committer/manifest/stages/SaveSuccessFileStage.java
78,org.apache.hadoop.mapreduce.lib.output.committer.manifest.stages.SetupJobStage,lib/output/committer/manifest/stages/SetupJobStage.java
78,org.apache.hadoop.mapreduce.lib.output.committer.manifest.stages.SetupTaskStage,lib/output/committer/manifest/stages/SetupTaskStage.java
80,org.apache.hadoop.mapreduce.lib.output.committer.manifest.impl.EntryFileIO,lib/output/committer/manifest/impl/EntryFileIO.java
81,org.apache.hadoop.mapreduce.lib.output.committer.manifest.impl.InternalConstants,lib/output/committer/manifest/impl/InternalConstants.java
81,org.apache.hadoop.mapreduce.lib.output.committer.manifest.stages.CommitJobStage,lib/output/committer/manifest/stages/CommitJobStage.java
81,org.apache.hadoop.mapreduce.lib.output.committer.manifest.stages.CommitTaskStage,lib/output/committer/manifest/stages/CommitTaskStage.java
81,org.apache.hadoop.mapreduce.lib.output.committer.manifest.stages.CreateOutputDirectoriesStage,lib/output/committer/manifest/stages/CreateOutputDirectoriesStage.java
81,org.apache.hadoop.mapreduce.lib.output.committer.manifest.stages.LoadManifestsStage,lib/output/committer/manifest/stages/LoadManifestsStage.java
81,org.apache.hadoop.mapreduce.lib.output.committer.manifest.stages.RenameFilesStage,lib/output/committer/manifest/stages/RenameFilesStage.java
81,org.apache.hadoop.mapreduce.lib.output.committer.manifest.stages.SaveTaskManifestStage,lib/output/committer/manifest/stages/SaveTaskManifestStage.java
81,org.apache.hadoop.mapreduce.lib.output.committer.manifest.stages.TaskAttemptScanDirectoryStage,lib/output/committer/manifest/stages/TaskAttemptScanDirectoryStage.java
81,org.apache.hadoop.mapreduce.lib.output.committer.manifest.stages.ValidateRenamedFilesStage,lib/output/committer/manifest/stages/ValidateRenamedFilesStage.java
85,org.apache.hadoop.mapreduce.lib.partition.BinaryPartitioner,lib/partition/BinaryPartitioner.java
85,org.apache.hadoop.mapreduce.lib.partition.HashPartitioner,lib/partition/HashPartitioner.java
85,org.apache.hadoop.mapreduce.lib.partition.RehashPartitioner,lib/partition/RehashPartitioner.java
87,org.apache.hadoop.mapreduce.lib.partition.KeyFieldBasedComparator,lib/partition/KeyFieldBasedComparator.java
87,org.apache.hadoop.mapreduce.lib.partition.KeyFieldBasedPartitioner,lib/partition/KeyFieldBasedPartitioner.java
87,org.apache.hadoop.mapreduce.lib.partition.KeyFieldHelper,lib/partition/KeyFieldHelper.java
87,org.apache.hadoop.mapreduce.lib.partition.TotalOrderPartitioner,lib/partition/TotalOrderPartitioner.java
90,org.apache.hadoop.mapreduce.security.IntermediateEncryptedStream,security/IntermediateEncryptedStream.java
90,org.apache.hadoop.mapreduce.security.SpillCallBackPathsFinder,security/SpillCallBackPathsFinder.java
91,org.apache.hadoop.mapreduce.security.token.JobTokenSecretManager,security/token/JobTokenSecretManager.java
91,org.apache.hadoop.mapreduce.security.token.JobTokenSelector,security/token/JobTokenSelector.java
92,org.apache.hadoop.mapreduce.security.token.delegation.DelegationTokenSecretManager,security/token/delegation/DelegationTokenSecretManager.java
92,org.apache.hadoop.mapreduce.security.token.delegation.DelegationTokenSelector,security/token/delegation/DelegationTokenSelector.java
93,org.apache.hadoop.mapreduce.split.JobSplit,split/JobSplit.java
93,org.apache.hadoop.mapreduce.split.JobSplitWriter,split/JobSplitWriter.java
93,org.apache.hadoop.mapreduce.split.SplitMetaInfoReader,split/SplitMetaInfoReader.java
96,org.apache.hadoop.mapreduce.task.reduce.MergeThread,task/reduce/MergeThread.java
97,org.apache.hadoop.mapreduce.task.reduce.MergeManagerImpl,task/reduce/MergeManagerImpl.java
99,org.apache.hadoop.mapreduce.util.ProcessTree,util/ProcessTree.java
